index,Ring Structure,中文名称,name,smiles,分子量,priority,SMARTs
1,AROMRING,苯环,benzene,C1=CC=CC=C1,78,0,[cH1]:[cH1]:[cH1]:[cH1]:[cH1]:[cH1]
2,AROMRINGs1,,,,,0,[cH1]:[cH1]:[cH1]:[cH1]:[cH1]:[cH0]
3,AROMRINGs1s2,,,,,0,[cH1]:[cH1]:[cH1]:[cH1]:[cH0;!R2;r6]:[cH0;!R2;r6]
4,AROMRINGs1s3,,,,,0,[cH1]:[cH1]:[cH1]:[cH0;!R2;r6]:[cH1]:[cH0;!R2;r6]
5,AROMRINGs1s4,,,,,0,[cH1]:[cH1]:[cH0;!R2;r6]:[cH1]:[cH1]:[cH0;!R2;r6]
6,AROMRINGs1s2s3,,,,,0,[cH1]:[cH1]:[cH1]:[cH0;!R2;r6]:[cH0;!R2;r6]:[cH0;!R2;r6]
7,AROMRINGs1s2s4,,,,,0,[cH1]:[cH1]:[cH0;!R2;r6]:[cH1]:[cH0]:[cH0;!R2;r6]
8,AROMRINGs1s3s5,,,,,0,[cH1]:[cH0;!R2;r6]:[cH1]:[cH0;!R2;r6]:[cH1]:[cH0;!R2;r6]
9,AROMRINGs1s2s3s4,,,,,0,[cH0;!R2;r6]:[cH0;!R2;r6]:[cH0;!R2;r6]:[cH0;!R2;r6]:[cH1]:[cH1]
10,AROMRINGs1s2s3s5,,,,,0,[cH0;!R2;r6]:[cH0;!R2;r6]:[cH0;!R2;r6]:[cH1]:[cH0;!R2;r6]:[cH1]
11,AROMRINGs1s2s4s5,,,,,0,[cH0;!R2;r6]:[cH0;!R2;r6]:[cH1]:[cH0;!R2;r6]:[cH0;!R2;r6]:[cH1]
12,AROMRINGs1s2s3s4s5,,,,,0,[cH0;!R2;r6]:[cH0;!R2;r6]:[cH0;!R2;r6]:[cH0;!R2;r6]:[cH0;!R2;r6]:[cH1]
13,AROMRINGs1s2s3s4s5s6,,,,,0,[cH0;!R2;r6]:[cH0;!R2;r6]:[cH0;!R2;r6]:[cH0;!R2;r6]:[cH0;!R2;r6]:[cH0;!R2;r6]
14,PYRIDINE,吡啶,pyridine,C1=CC=NC=C1,79,0,[cH1]1:[cH1]:[cH1]:[nH0;!R2;r6]:[cH1]:[cH1]:1
15,PYRIDINEs2,,,,,0,[cH1]:[cH1]:[cH0;!R2;r6]:[nH0;!R2;r6]:[cH1]:[cH1]
16,PYRIDINEs3,,,,,0,[cH1]:[cH0;!R2;r6]:[cH1]:[nH0;!R2;r6]:[cH1]:[cH1]
17,PYRIDINEs4,,,,,0,[cH0;!R2;r6]:[cH1]:[cH1]:[nH0;!R2;r6]:[cH1]:[cH1]
18,PYRIDINEs2s3,,,,,0,[cH1]:[cH0;!R2;r6]:[cH0;!R2;r6]:[nH0;!R2;r6]:[cH1]:[cH1]
19,PYRIDINEs2s4,,,,,0,[cH0;!R2;r6]:[cH1]:[cH0;!R2;r6]:[nH0;!R2;r6]:[cH1]:[cH1]
20,PYRIDINEs2s5,,,,,0,[cH1]:[cH1]:[cH0;!R2;r6]:[nH0;!R2;r6]:[cH1]:[cH0;!R2;r6]
21,PYRIDINEs2s6,,,,,0,[cH1]:[cH1]:[cH0;!R2;r6]:[nH0;!R2;r6]:[cH0;!R2;r6]:[cH1]
22,PYRIDINEs3s4,,,,,0,[cH0;!R2;r6]:[cH0;!R2;r6]:[cH1]:[nH0;!R2;r6]:[cH1]:[cH1]
23,PYRIDINEs3s5,,,,,0,[cH1]:[cH0;!R2;r6]:[cH1]:[nH0;!R2;r6]:[cH1]:[cH0;!R2;r6]
24,PYRIDINEs2s3s6,,,,,0,[cH1]:[cH0;!R2;r6]:[cH0;!R2;r6]:[nH0;!R2;r6]:[cH0;!R2;r6]:[cH1]
25,PYRIDINEs2s3s5,,,,,0,[cH1]:[cH0;!R2;r6]:[cH0;!R2;r6]:[nH0;!R2;r6]:[cH1]:[cH0;!R2;r6]
26,PYRIDINEs2s3s4,,,,,0,[cH0;!R2;r6]:[cH0;!R2;r6]:[cH0;!R2;r6]:[nH0;!R2;r6]:[cH1]:[cH1]
27,PYRIDINEs2s4s5,,,,,0,[cH0;!R2;r6]:[cH1]:[cH0;!R2;r6]:[nH0;!R2;r6]:[cH1]:[cH0;!R2;r6]
28,PYRIDINEs2s4s6,,,,,0,[cH0;!R2;r6]:[cH1]:[cH0;!R2;r6]:[nH0;!R2;r6]:[cH0;!R2;r6]:[cH1]
29,PYRIDINEs2s3s5s6,,,,,0,[cH1]:[cH0;!R2;r6]:[cH0;!R2;r6]:[nH0;!R2;r6]:[cH0;!R2;r6]:[cH0;!R2;r6]
30,PYRIDINEs2s3s4s5,,,,,0,[cH0;!R2;r6]:[cH0;!R2;r6]:[cH0;!R2;r6]:[nH0;!R2;r6]:[cH1]:[cH0;!R2;r6]
31,PYRIDINEs2s3s4s6,,,,,0,[cH0;!R2;r6]:[cH0;!R2;r6]:[cH0;!R2;r6]:[nH0;!R2;r6]:[cH0;!R2;r6]:[cH1]
32,PYRIDINEs2s3s4s5s6,,,,,0,[cH0;!R2;r6]1:[cH0;!R2;r6]:[cH0;!R2;r6]:[nH0;!R2;r6]:[cH0;!R2;r6]:[cH0;!R2;r6]:1
33,FURAN,呋喃,furan,C1=COC=C1,68,0,[cH1]:[cH1]:o:[cH1]:[cH1]
34,FURANs2,,,,,0,[cH1]:[cH0]:o:[cH1]:[cH1]
35,FURANs3,,,,,0,[cH0]:[cH1]:o:[cH1]:[cH1]
36,FURANs2s3,,,,,0,[cH0;!R2;r5]:[cH0;!R2;r5]:o:[cH1]:[cH1]
37,FURANs2s4,,,,,0,[cH1]:[cH0;!R2;r5]:o:[cH1]:[cH0;!R2;r5]
38,FURANs3s4,,,,,0,[cH0;!R2;r5]:[cH1]:o:[cH1]:[cH0;!R2;r5]
39,FURANs2s5,,,,,0,[cH1]:[cH0;!R2;r5]:o:[cH0;!R2;r5]:[cH1]
40,FURANs2s3s4,,,,,0,[cH0;!R2;r5]:[cH0;!R2;r5]:o:[cH1]:[cH0;!R2;r5]
41,FURANs2s3s5,,,,,0,[cH0;!R2;r5]:[cH0;!R2;r5]:o:[cH0;!R2;r5]:[cH1]
42,FURANs2s3s4s5,,,,,0,[cH0;!R2;r5]:[cH0;!R2;r5]:o:[cH0;!R2;r5]:[cH0;!R2;r5]
43,THIOPHENE,噻吩,Thiophene,C1=CSC=C1,84,0,[cH1]:[cH1]:s:[cH1]:[cH1]
44,THIOPHENEs2,,,,,0,[cH1]:[cH0]:s:[cH1]:[cH1]
45,THIOPHENEs3,,,,,0,[cH0]:[cH1]:s:[cH1]:[cH1]
46,THIOPHENEs2s3,,,,,0,[cH0;!R2;r5]:[cH0;!R2;r5]:s:[cH1]:[cH1]
47,THIOPHENEs2s4,,,,,0,[cH1]:[cH0;!R2;r5]:s:[cH1]:[cH0;!R2;r5]
48,THIOPHENEs3s4,,,,,0,[cH0;!R2;r5]:[cH1]:s:[cH1]:[cH0;!R2;r5]
49,THIOPHENEs2s5,,,,,0,[cH1]:[cH0;!R2;r5]:s:[cH0;!R2;r5]:[cH1]
50,THIOPHENEs2s3s4,,,,,0,[cH0;!R2;r5]:[cH0;!R2;r5]:s:[cH1]:[cH0;!R2;r5]
51,THIOPHENEs2s3s5,,,,,0,[cH0;!R2;r5]:[cH0;!R2;r5]:s:[cH0;!R2;r5]:[cH1]
52,THIOPHENEs2s3s4s5,,,,,0,[cH0;!R2;r5]:[cH0;!R2;r5]:s:[cH0;!R2;r5]:[cH0;!R2;r5]
53,PYRROLE,吡咯,pyrrole,C1=CNC=C1,68,0,[cH1]1:[cH1]:[nH1;R;r5]:[cH1]:[cH1]:1
54,PYRROLEs1,,,,,0,[cH1]:[cH1]:[nH0;R;r5]:[cH1]:[cH1]
55,PYRROLEs2,,,,,0,[cH1]:[cH0]:[nH1;R;r5]:[cH1]:[cH1]
56,PYRROLEs3,,,,,0,[cH0]:[cH1]:[nH1;R;r5]:[cH1]:[cH1]
57,PYRROLEs1s2,,,,,0,[cH1]:[cH0;!R2]:[nH0;!R2;r5]:[cH1]:[cH1]
58,PYRROLEs1s3,,,,,0,[cH0]:[cH1]:[nH0;!R2;r5]:[cH1]:[cH1]
59,PYRROLEs2s3,,,,,0,[cH0;!R2]:[cH0;!R2]:[nH1;R;r5]:[cH1]:[cH1]
60,PYRROLEs2s4,,,,,0,[cH1]:[cH0]:[nH1;R;r5]:[cH1]:[cH0]
61,PYRROLEs2s5,,,,,0,[cH1]:[cH0]:[nH1;R;r5]:[cH0]:[cH1]
62,PYRROLEs3s4,,,,,0,[cH0;!R2]:[cH1]:[nH1;R;r5]:[cH1]:[cH0;!R2]
63,PYRROLEs1s2s3,,,,,0,[cH0;!R2]:[cH0;!R2]:[nH0;!R2;r5]:[cH1]:[cH0;!R2]
64,PYRROLEs1s2s4,,,,,0,[cH0;!R2]:[cH0;!R2]:[nH0;!R2;r5]:[cH0;!R2]:[cH1]
65,PYRROLEs1s2s3s4,,,,,0,[cH0;!R2]:[cH0;!R2]:[nH0;!R2;r5]:[cH0;!R2]:[cH0;!R2]
66,ISOXAZOLE,异噁唑,isoxazole,C1=CON=C1,69,0,o:n:[cH1]:[cH1]:[cH1]
67,ISOXAZOLEs3,,,,,0,o:n:[cH0]:[cH1]:[cH1]
68,ISOXAZOLEs4,,,,,0,o:n:[cH1]:[cH0]:[cH1]
69,ISOXAZOLEs5,,,,,0,o:n:[cH1]:[cH1]:[cH0]
70,ISOXAZOLEs3s4,,,,,0,o:n:[cH0;!R2]:[cH0;!R2]:[cH1]
71,ISOXAZOLEs3s5,,,,,0,o:n:[cH0;!R2]:[cH1]:[cH0;!R2]
72,ISOXAZOLEs4s5,,,,,0,o:n:[cH1]:[cH0;!R2]:[cH0;!R2]
73,ISOXAZOLEs3s4s5,,,,,0,o:n:[cH0;!R2]:[cH0;!R2]:[cH0;!R2]
74,OXAZOLE,噁唑,oxazole,C1=COC=N1,69,0,o:[cH1]:n:[cH1]:[cH1]
75,OXAZOLEs2,,,,,0,o:[cH0]:n:[cH1]:[cH1]
76,OXAZOLEs4,,,,,0,o:[cH1]:n:[cH0]:[cH1]
77,OXAZOLEs5,,,,,0,o:[cH1]:n:[cH1]:[cH0]
78,OXAZOLEs2s4,,,,,0,o:[cH0]:n:[cH0]:[cH1]
79,OXAZOLEs4s5,,,,,0,o:[cH1]:n:[cH0;!R2]:[cH0;!R2]
80,OXAZOLEs2s5,,,,,0,o:[cH0]:n:[cH0]:[cH1]
81,OXAZOLEs2s4s5,,,,,0,o:[cH0]:n:[cH0;!R2]:[cH0;!R2]
82,PYRAZOLE,吡唑,pyrazole,C1=CNN=C1,68,0,[cH1]1:[cH1]:[nH1]:n:[cH1]:1
83,PYRAZOLEs1,,,,,0,[cH1]:[cH1]:[nH0;R1;r5]:n:[cH1]
84,PYRAZOLEs3,,,,,0,[cH1]:[cH1]:[nH1]:n:[cH0;!R2]
85,PYRAZOLEs4,,,,,0,[cH0;!R2]:[cH1]:[nH1]:n:[cH1]
86,PYRAZOLEs5,,,,,0,[cH1]:[cH0;!R2]:[nH1]:n:[cH1]
87,PYRAZOLEs1s3,,,,,0,[cH1]:[cH1]:[nH0;R1;r5]:n:[cH0;!R2]
88,PYRAZOLEs1s4,,,,,0,[cH0;!R2]:[cH1]:[nH0;R1;r5]:n:[cH1]
89,PYRAZOLEs1s5,,,,,0,[cH1]:[cH0;!R2]:[nH0;R1;r5]:n:[cH1]
90,PYRAZOLEs3s4,,,,,0,[cH0;!R2]:[cH1]:[nH1]:n:[cH0;!R2]
91,PYRAZOLEs3s5,,,,,0,[cH1]:[cH0;!R2]:[nH1]:n:[cH0;!R2]
92,PYRAZOLEs4s5,,,,,0,[cH0;!R2]:[cH0;!R2]:[nH1]:n:[cH1]
93,PYRAZOLEs1s3s4,,,,,0,[cH0;!R2]:[cH1]:[nH0;R1;r5]:n:[cH0;!R2]
94,PYRAZOLEs1s3s5,,,,,0,[cH1]:[cH0;!R2]:[nH0;R1;r5]:n:[cH0;!R2]
95,PYRAZOLEs1s4s5,,,,,0,[cH0!;R2]:[cH0;!R2]:[nH0;R1;r5]:n:[cH1]
96,PYRAZOLEs3s4s5,,,,,0,[cH0!;R2]:[cH0;!R2]:[nH1]:n:[cH0;!R2]
97,PYRAZOLEs1s3s4s5,,,,,0,[cH0!;R2]:[cH0;!R2]:[nH0;R1;r5]:n:[cH0;!R2]
98,THIAZOLE,噻唑,thiazole,C1=CSC=N1,,0,[cH1]:[cH1]:s:[cH1]:n
99,THIAZOLEs2,,,,,0,[cH1]:[cH1]:s:[cH0]:n
100,THIAZOLEs4,,,,,0,[cH0]:[cH1]:s:[cH1]:n
101,THIAZOLEs5,,,,,0,[cH1]:[cH0]:s:[cH1]:n
102,THIAZOLEs2s4,,,,,0,[cH0]:[cH1]:s:[cH0]:n
103,THIAZOLEs2s5,,,,,0,[cH1]:[cH0]:s:[cH0]:n
104,THIAZOLEs4s5,,,,,0,[cH0;!R2]:[cH0;!R2]:s:[cH1]:n
105,THIAZOLEs2s4s5,,,,,0,[cH0;!R2]:[cH0;!R2]:s:[cH0]:n
106,IMIDAZOLE,咪唑,imidazole,C1=CN=CN1,68,0,[cH1]:[cH1]:n:[cH1]:[nH1]
107,IMIDAZOLEs1,,,,,0,[cH1]:[cH1]:n:[cH1]:[nH0]
108,IMIDAZOLEs2,,,,,0,[cH1]:[cH1]:n:[cH0]:[nH1]
109,IMIDAZOLEs4,,,,,0,[cH1]:[cH0]:n:[cH1]:[nH1]
110,IMIDAZOLEs5,,,,,0,[cH0]:[cH1]:n:[cH1]:[nH1]
111,IMIDAZOLEs1s2,,,,,0,[cH1]:[cH1]:n:[cH0;!R2]:[nH0;!R2;r5]
112,IMIDAZOLEs1s4,,,,,0,[cH1]:[cH0]:n:[cH1]:[nH0;!R2;r5]
113,IMIDAZOLEs1s5,,,,,0,[cH0;!R2]:[cH1]:n:[cH1]:[nH0;!R2;r5]
114,IMIDAZOLEs2s4,,,,,0,[cH1]:[cH0]:n:[cH0]:[nH1]
115,IMIDAZOLEs2s5,,,,,0,[cH0]:[cH1]:n:[cH0]:[nH1]
116,IMIDAZOLEs4s5,,,,,0,[cH0]:[cH0]:n:[cH1]:[nH1]
117,IMIDAZOLEs1s2s4,,,,,0,[cH1]:[cH0]:n:[cH0;!R2]:[nH0;!R2;r5]
118,IMIDAZOLEs1s2s5,,,,,0,[cH0;!R2]:[cH1]:n:[cH0;!R2]:[nH0;!R2;r5]
119,IMIDAZOLEs1s4s5,,,,,0,[cH0;!R2]:[cH0;!R2]:n:[cH1]:[nH0;!R2;r5]
120,IMIDAZOLEs2s4s5,,,,,0,[cH0;!R2]:[cH0;!R2]:n:[cH0]:[nH1]
121,IMIDAZOLEs1s2s4s5,,,,,0,[cH0;!R2]:[cH0;!R2]:n:[cH0;!R2]:[nH0;!R2;r5]
122,PYRIDAZINE,哒嗪,pyridazine,C1=CC=NN=C1,,0,[cH1]:[cH1]:[cH1]:n:n:[cH1]
123,PYRIDAZINEs3,,,,,0,[cH1]:[cH1]:[cH0]:n:n:[cH1]
124,PYRIDAZINEs4,,,,,0,[cH1]:[cH0]:[cH1]:n:n:[cH1]
125,PYRIDAZINEs5,,,,,0,[cH0]:[cH1]:[cH1]:n:n:[cH1]
126,PYRIDAZINEs6,,,,,0,[cH1]:[cH1]:[cH1]:n:n:[cH0]
127,PYRIDAZINEs3s4,,,,,0,[cH1]:[cH0;!R2]:[cH0;!R2]:n:n:[cH1]
128,PYRIDAZINEs3s5,,,,,0,[cH0]:[cH1]:[cH0]:n:n:[cH1]
129,PYRIDAZINEs3s6,,,,,0,[cH1]:[cH1]:[cH0]:n:n:[cH0]
130,PYRIDAZINEs4s5,,,,,0,[cH0;!R2]:[cH0;!R2]:[cH1]:n:n:[cH1]
131,PYRIDAZINEs4s6,,,,,0,[cH1]:[cH0]:[cH1]:n:n:[cH0]
132,PYRIDAZINEs5s6,,,,,0,[cH0;!R2]:[cH0]:[cH1]:n:n:[cH0;!R2]
133,PYRIDAZINEs3s4s5,,,,,0,[cH0;!R2]:[cH0;!R2]:[cH0;!R2]:n:n:[cH1]
134,PYRIDAZINEs3s4s6,,,,,0,[cH1]:[cH0;!R2]:[cH0;!R2]:n:n:[cH0]
135,PYRIDAZINEs4s5s6,,,,,0,[cH0;!R2]:[cH0;!R2]:[cH1]:n:n:[cH0;!R2]
136,PYRIDAZINEs3s4s5s6,,,,,0,[cH0;!R2]:[cH0;!R2]:[cH0;!R2]:n:n:[cH0;!R2]
137,PYRIMIDINE,嘧啶,pyrimidine,C1=CN=CN=C1,,0,[cH1]:[cH1]:n:[cH1]:n:[cH1]
138,PYRIMIDINEs2,,,,,0,[cH1]:[cH1]:n:[cH0]:n:[cH1]
139,PYRIMIDINEs4,,,,,0,[cH1]:[cH0]:n:[cH1]:n:[cH1]
140,PYRIMIDINEs5,,,,,0,[cH0]:[cH1]:n:[cH1]:n:[cH1]
141,PYRIMIDINEs6,,,,,0,[cH1]:[cH1]:n:[cH1]:n:[cH0]
142,PYRIMIDINEs2s4,,,,,0,[cH1]:[cH0]:n:[cH0]:n:[cH1]
143,PYRIMIDINEs2s5,,,,,0,[cH0]:[cH1]:n:[cH0]:n:[cH1]
144,PYRIMIDINEs2s6,,,,,0,[cH1]:[cH1]:n:[cH0]:n:[cH0]
145,PYRIMIDINEs4s5,,,,,0,[cH0;!R2]:[cH0;!R2]:n:[cH1]:n:[cH1]
146,PYRIMIDINEs4s6,,,,,0,[cH1]:[cH0]:n:[cH1]:n:[cH0]
147,PYRIMIDINEs5s6,,,,,0,[cH0;!R2]:[cH1]:n:[cH1]:n:[cH0;!R2]
148,PYRIMIDINEs2s4s5,,,,,0,[cH0;!R2]:[cH0;!R2]:n:[cH0]:n:[cH1]
149,PYRIMIDINEs2s4s6,,,,,0,[cH1]:[cH0]:n:[cH0]:n:[cH0]
150,PYRIMIDINEs2s5s6,,,,,0,[cH0;!R2]:[cH1]:n:[cH0]:n:[cH0;!R2]
151,PYRIMIDINEs4s5s6,,,,,0,[cH0;!R2]:[cH0;!R2]:n:[cH1]:n:[cH0;!R2]
152,PYRIMIDINEss2s4s5s6,,,,,0,[cH0;!R2]:[cH0;!R2]:n:[cH0]:n:[cH0;!R2]
153,PYRAZINE,吡嗪,pyrazine,C1=CN=CC=N1,,0,[cH1]:[cH1]:n:[cH1]:[cH1]:n
154,PYRAZINEs2,,,,,0,[cH1]:[cH1]:n:[cH1]:[cH0]:n
155,PYRAZINEs2s3,,,,,0,[cH1]:[cH1]:n:[cH0;!R2]:[cH0;!R2]:n
156,PYRAZINEs2s5,,,,,0,[cH1]:[cH0]:n:[cH1]:[cH0]:n
157,PYRAZINEs2s6,,,,,0,[cH0]:[cH1]:n:[cH1]:[cH0]:n
158,PYRAZINEs2s3s5,,,,,0,[cH1]:[cH0]:n:[cH0;!R2]:[cH0;!R2]:n
159,PYRAZINEs2s3s5s6,,,,,0,[cH0;!R2]:[cH0;!R2]:n:[cH0;!R2]:[cH0;!R2]:n
160,BENZOFURAN,苯并呋喃,benzofuran,C1=CC=C2C(=C1)C=CO2,118,0,[cH1]1:[cH1]:[cH1]:c2:c(:[cH1]:1):[cH1]:[cH1]:o:2
161,BENZOFURANs2,,,,,0,[cH1]1:[cH1]:[cH1]:c2:c(:[cH1]:1):[cH1]:[cH0]:o:2
162,BENZOFURANs3,,,,,0,[cH1]1:[cH1]:[cH1]:c2:c(:[cH1]:1):[cH0]:[cH1]:o:2
163,BENZOFURANs4,,,,,0,[cH1]1:[cH1]:[cH1]:c2:c(:[cH0]:1):[cH1]:[cH1]:o:2
164,BENZOFURANs5,,,,,0,[cH0]1:[cH1]:[cH1]:c2:c(:[cH1]:1):[cH1]:[cH1]:o:2
165,BENZOFURANs6,,,,,0,[cH1]1:[cH0]:[cH1]:c2:c(:[cH1]:1):[cH1]:[cH1]:o:2
166,BENZOFURANs7,,,,,0,[cH1]1:[cH1]:[cH0]:c2:c(:[cH1]:1):[cH1]:[cH1]:o:2
167,BENZOFURANs2s3,,,,,0,[cH1]1:[cH1]:[cH1]:c2:c(:[cH1]:1):[cH0;!R2]:[cH0;!R2]:o:2
168,BENZOFURANs2s4,,,,,0,[cH1]1:[cH1]:[cH1]:c2:c(:[cH0]:1):[cH1]:[cH0]:o:2
169,BENZOFURANs2s5,,,,,0,[cH0]1:[cH1]:[cH1]:c2:c(:[cH1]:1):[cH1]:[cH0]:o:2
170,BENZOFURANs2s6,,,,,0,[cH1]1:[cH0]:[cH1]:c2:c(:[cH1]:1):[cH1]:[cH0]:o:2
171,BENZOFURANs2s7,,,,,0,[cH1]1:[cH1]:[cH0]:c2:c(:[cH1]:1):[cH1]:[cH0]:o:2
172,BENZOFURANs3s4,,,,,0,[cH1]1:[cH1]:[cH1]:c2:c(:[cH0]:1):[cH0]:[cH1]:o:2
173,BENZOFURANs3s5,,,,,0,[cH0]1:[cH1]:[cH1]:c2:c(:[cH1]:1):[cH0]:[cH1]:o:2
174,BENZOFURANs3s6,,,,,0,[cH1]1:[cH0]:[cH1]:c2:c(:[cH1]:1):[cH0]:[cH1]:o:2
175,BENZOFURANs3s7,,,,,0,[cH1]1:[cH1]:[cH0]:c2:c(:[cH1]:1):[cH0]:[cH1]:o:2
176,BENZOFURANs4s5,,,,,0,[cH0;!R2]1:[cH1]:[cH1]:c2:c(:[cH0;!R2]:1):[cH1]:[cH1]:o:2
177,BENZOFURANs4s6,,,,,0,[cH1]1:[cH0]:[cH1]:c2:c(:[cH0]:1):[cH1]:[cH1]:o:2
178,BENZOFURANs4s7,,,,,0,[cH1]1:[cH1]:[cH0]:c2:c(:[cH0]:1):[cH1]:[cH1]:o:2
179,BENZOFURANs5s6,,,,,0,[cH0;!R2]1:[cH0;!R2]:[cH1]:c2:c(:[cH1]:1):[cH1]:[cH1]:o:2
180,BENZOFURANs5s7,,,,,0,[cH0;!R2]1:[cH1]:[cH0]:c2:c(:[cH1]:1):[cH1]:[cH1]:o:2
181,BENZOFURANs6s7,,,,,0,[cH1]1:[cH0;!R2]:[cH0;!R2]:c2:c(:[cH1]:1):[cH1]:[cH1]:o:2
182,BENZOFURANs2s3s4,,,,,0,[cH1]1:[cH1]:[cH1]:c2:c(:[cH0]:1):[cH0;!R2]:[cH0;!R2]:o:2
183,BENZOFURANs2s3s5,,,,,0,[cH0]1:[cH1]:[cH1]:c2:c(:[cH1]:1):[cH0;!R2]:[cH0;!R2]:o:2
184,BENZOFURANs2s3s6,,,,,0,[cH1]1:[cH0]:[cH1]:c2:c(:[cH1]:1):[cH0;!R2]:[cH0;!R2]:o:2
185,BENZOFURANs2s3s7,,,,,0,[cH1]1:[cH1]:[cH0]:c2:c(:[cH1]:1):[cH0;!R2]:[cH0;!R2]:o:2
186,BENZOFURANs2s4s5,,,,,0,[cH0;!R2]1:[cH1]:[cH1]:c2:c(:[cH0;!R2]:1):[cH1]:[cH0]:o:2
187,BENZOFURANs2s4s6,,,,,0,[cH1]1:[cH0]:[cH1]:c2:c(:[cH0]:1):[cH1]:[cH0]:o:2
188,BENZOFURANs2s4s7,,,,,0,[cH1]1:[cH1]:[cH0]:c2:c(:[cH0]:1):[cH1]:[cH0]:o:2
189,BENZOFURANs2s5s6,,,,,0,[cH0;!R2]1:[cH0;!R2]:[cH1]:c2:c(:[cH1]:1):[cH1]:[cH0]:o:2
190,BENZOFURANs2s5s7,,,,,0,[cH0]1:[cH1]:[cH0]:c2:c(:[cH1]:1):[cH1]:[cH0]:o:2
191,BENZOFURANs2s6s7,,,,,0,[cH1]1:[cH0;!R2]:[cH0;!R2]:c2:c(:[cH1]:1):[cH1]:[cH0]:o:2
192,BENZOFURANs3s4s5,,,,,0,[cH0;!R2]1:[cH1]:[cH1]:c2:c(:[cH0;!R2]:1):[cH0]:[cH1]:o:2
193,BENZOFURANs3s4s6,,,,,0,[cH1]1:[cH0]:[cH1]:c2:c(:[cH0]:1):[cH0]:[cH1]:o:2
194,BENZOFURANs3s4s7,,,,,0,[cH1]1:[cH1]:[cH0]:c2:c(:[cH0]:1):[cH0]:[cH1]:o:2
195,BENZOFURANs3s5s6,,,,,0,[cH0;!R2]1:[cH0;!R2]:[cH1]:c2:c(:[cH1]:1):[cH0]:[cH1]:o:2
196,BENZOFURANs3s5s7,,,,,0,[cH0;!R2]1:[cH1]:[cH0]:c2:c(:[cH1]:1):[cH0]:[cH1]:o:2
197,BENZOFURANs3s6s7,,,,,0,[cH1]1:[cH0;!R2]:[cH0;!R2]:c2:c(:[cH1]:1):[cH0]:[cH1]:o:2
198,BENZOFURANs4s5s6,,,,,0,[cH0;!R2]1:[cH0;!R2]:[cH1]:c2:c(:[cH0;!R2]:1):[cH1]:[cH1]:o:2
199,BENZOFURANs4s5s7,,,,,0,[cH0;!R2]1:[cH1]:[cH0;!R2]:c2:c(:[cH0;!R2]:1):[cH1]:[cH1]:o:2
200,BENZOFURANs4s6s7,,,,,0,[cH1]1:[cH0;!R2]:[cH0;!R2]:c2:c(:[cH0]:1):[cH1]:[cH1]:o:2
201,BENZOFURANs5s6s7,,,,,0,[cH0;!R2]1:[cH0;!R2]:[cH0;!R2]:c2:c(:[cH1]:1):[cH1]:[cH1]:o:2
202,BENZOFURANs2s3s4s5,,,,,0,[cH0;!R2]1:[cH1]:[cH1]:c2:c(:[cH0;!R2]:1):[cH0;!R2]:[cH0;!R2]:o:2
203,BENZOFURANs2s3s4s6,,,,,0,[cH1]1:[cH0]:[cH1]:c2:c(:[cH0]:1):[cH0;!R2]:[cH0;!R2]:o:2
204,BENZOFURANs2s3s4s7,,,,,0,[cH1]1:[cH1]:[cH0]:c2:c(:[cH0]:1):[cH0;!R2]:[cH0;!R2]:o:2
205,BENZOFURANs2s3s5s6,,,,,0,[cH0;!R2]1:[cH0;!R2]:[cH1]:c2:c(:[cH1]:1):[cH0;!R2]:[cH0;!R2]:o:2
206,BENZOFURANs2s3s5s7,,,,,0,[cH0]1:[cH1]:[cH0]:c2:c(:[cH1]:1):[cH0;!R2]:[cH0;!R2]:o:2
207,BENZOFURANs2s3s6s7,,,,,0,[cH1]1:[cH0;!R2]:[cH0;!R2]:c2:c(:[cH1]:1):[cH0;!R2]:[cH0;!R2]:o:2
208,BENZOFURANs2s4s5s6,,,,,0,[cH0;!R2]1:[cH0;!R2]:[cH1]:c2:c(:[cH0;!R2]:1):[cH1]:[cH0]:o:2
209,BENZOFURANs2s4s5s7,,,,,0,[cH0;!R2]1:[cH1]:[cH0]:c2:c(:[cH0;!R2]:1):[cH1]:[cH0]:o:2
210,BENZOFURANs2s4s6s7,,,,,0,[cH1]1:[cH0;!R2]:[cH0;!R2]:c2:c(:[cH0]:1):[cH1]:[cH0]:o:2
211,BENZOFURANs2s5s6s7,,,,,0,[cH0;!R2]1:[cH0;!R2]:[cH0;!R2]:c2:c(:[cH1]:1):[cH1]:[cH0]:o:2
212,BENZOFURANs3s4s5s6,,,,,0,[cH0;!R2]1:[cH0;!R2]:[cH1]:c2:c(:[cH0;!R2]:1):[cH0]:[cH1]:o:2
213,BENZOFURANs3s4s5s7,,,,,0,[cH0;!R2]1:[cH1]:[cH0]:c2:c(:[cH0;!R2]:1):[cH0]:[cH1]:o:2
214,BENZOFURANs3s4s6s7,,,,,0,[cH1]1:[cH0;!R2]:[cH0;!R2]:c2:c(:[cH0]:1):[cH0]:[cH1]:o:2
215,BENZOFURANs3s5s6s7,,,,,0,[cH0;!R2]1:[cH0;!R2]:[cH0;!R2]:c2:c(:[cH1]:1):[cH0]:[cH1]:o:2
216,BENZOFURANs4s5s6s7,,,,,0,[cH0;!R2]1:[cH0;!R2]:[cH0;!R2]:c2:c(:[cH0;!R2]:1):[cH1]:[cH1]:o:2
217,BENZOFURANs2s3s4s5s6,,,,,0,[cH0;!R2]1:[cH0;!R2]:[cH1]:c2:c(:[cH0;!R2]:1):[cH0;!R2]:[cH0;!R2]:o:2
218,BENZOFURANs2s3s4s5s7,,,,,0,[cH0;!R2]1:[cH1]:[cH0]:c2:c(:[cH0;!R2]:1):[cH0;!R2]:[cH0;!R2]:o:2
219,BENZOFURANs2s3s4s6s7,,,,,0,[cH1]1:[cH0;!R2]:[cH0;!R2]:c2:c(:[cH0;!R2]:1):[cH0;!R2]:[cH0;!R2]:o:2
220,BENZOFURANs2s3s5s6s7,,,,,0,[cH0;!R2]1:[cH0;!R2]:[cH0;!R2]:c2:c(:[cH1]:1):[cH0;!R2]:[cH0;!R2]:o:2
221,BENZOFURANs2s4s5s6s7,,,,,0,[cH0;!R2]1:[cH0;!R2]:[cH0;!R2]:c2:c(:[cH0;!R2]:1):[cH1]:[cH0;!R2]:o:2
222,BENZOFURANs3s4s5s6s7,,,,,0,[cH0;!R2]1:[cH0;!R2]:[cH0;!R2]:c2:c(:[cH0;!R2]:1):[cH0]:[cH1]:o:2
223,BENZOFURANs2s3s4s5s6s7,,,,,0,[cH0;!R2]1:[cH0;!R2]:[cH0;!R2]:c2:c(:[cH0;!R2]:1):[cH0;!R2]:[cH0;!R2]:o:2
224,CARBAZOLE,咔唑,carbazole,C1=CC=C2C(=C1)C3=CC=CC=C3N2,167,0,[cH1]1:[cH1]:[cH1]:c2:c(:[cH1]:1):c3:[cH1]:[cH1]:[cH1]:[cH1]:c:3:[nH1]:2
225,CARBAZOLEs1,,,,,0,[cH1]1:[cH1]:[cH1]:c2:c(:[cH1]:1):c3:[cH1]:[cH1]:[cH1]:[cH0]:c:3:[nH1]:2
226,CARBAZOLEs2,,,,,0,[cH1]1:[cH1]:[cH1]:c2:c(:[cH1]:1):c3:[cH1]:[cH1]:[cH0]:[cH1]:c:3:[nH1]:2
227,CARBAZOLEs3,,,,,0,[cH1]1:[cH1]:[cH1]:c2:c(:[cH1]:1):c3:[cH1]:[cH0]:[cH1]:[cH1]:c:3:[nH1]:2
228,CARBAZOLEs4,,,,,0,[cH1]1:[cH1]:[cH1]:c2:c(:[cH1]:1):c3:[cH0]:[cH1]:[cH1]:[cH1]:c:3:[nH1]:2
229,CARBAZOLEs9,,,,,0,[cH1]1:[cH1]:[cH1]:c2:c(:[cH1]:1):c3:[cH1]:[cH1]:[cH1]:[cH1]:c:3:[nH0]:2
230,CARBAZOLEs9s1,,,,,0,[cH1]1:[cH1]:[cH1]:c2:c(:[cH1]:1):c3:[cH1]:[cH1]:[cH1]:[cH0]:c:3:[nH0]:2
231,CARBAZOLEs9s2,,,,,0,[cH1]1:[cH1]:[cH1]:c2:c(:[cH1]:1):c3:[cH1]:[cH1]:[cH0]:[cH1]:c:3:[nH0]:2
232,CARBAZOLEs9s3,,,,,0,[cH1]1:[cH1]:[cH1]:c2:c(:[cH1]:1):c3:[cH1]:[cH0]:[cH1]:[cH1]:c:3:[nH0]:2
233,CARBAZOLEs9s4,,,,,0,[cH1]1:[cH1]:[cH1]:c2:c(:[cH1]:1):c3:[cH0]:[cH1]:[cH1]:[cH1]:c:3:[nH0]:2
234,CARBAZOLEs1s2,,,,,0,[cH1]1:[cH1]:[cH1]:c2:c(:[cH1]:1):c3:[cH1]:[cH1]:[cH0;!R2]:[cH0;!R2]:c:3:[nH1]:2
235,CARBAZOLEs1s3,,,,,0,[cH1]1:[cH1]:[cH1]:c2:c(:[cH1]:1):c3:[cH1]:[cH0]:[cH1]:[cH0]:c:3:[nH1]:2
236,CARBAZOLEs1s4,,,,,0,[cH1]1:[cH1]:[cH1]:c2:c(:[cH1]:1):c3:[cH0]:[cH1]:[cH1]:[cH0]:c:3:[nH1]:2
237,CARBAZOLEs1s5,,,,,0,[cH1]1:[cH1]:[cH1]:c2:c(:[cH0]:1):c3:[cH1]:[cH1]:[cH1]:[cH0]:c:3:[nH1]:2
238,CARBAZOLEs1s6,,,,,0,[cH0]1:[cH1]:[cH1]:c2:c(:[cH1]:1):c3:[cH1]:[cH1]:[cH1]:[cH0]:c:3:[nH1]:2
239,CARBAZOLEs1s7,,,,,0,[cH1]1:[cH0]:[cH1]:c2:c(:[cH1]:1):c3:[cH1]:[cH1]:[cH1]:[cH0]:c:3:[nH1]:2
240,CARBAZOLEs1s8,,,,,0,[cH1]1:[cH1]:[cH0]:c2:c(:[cH1]:1):c3:[cH1]:[cH1]:[cH1]:[cH0]:c:3:[nH1]:2
241,CARBAZOLEs2s3,,,,,0,[cH1]1:[cH1]:[cH1]:c2:c(:[cH1]:1):c3:[cH1]:[cH0;!R2]:[cH0;!R2]:[cH1]:c:3:[nH1]:2
242,CARBAZOLEs2s4,,,,,0,[cH1]1:[cH1]:[cH1]:c2:c(:[cH1]:1):c3:[cH0]:[cH1]:[cH0]:[cH1]:c:3:[nH1]:2
243,CARBAZOLEs2s5,,,,,0,[cH1]1:[cH1]:[cH1]:c2:c(:[cH0]:1):c3:[cH1]:[cH1]:[cH0]:[cH1]:c:3:[nH1]:2
244,CARBAZOLEs2s6,,,,,0,[cH0]1:[cH1]:[cH1]:c2:c(:[cH1]:1):c3:[cH1]:[cH1]:[cH0]:[cH1]:c:3:[nH1]:2
245,CARBAZOLEs2s7,,,,,0,[cH1]1:[cH0]:[cH1]:c2:c(:[cH1]:1):c3:[cH1]:[cH1]:[cH0]:[cH1]:c:3:[nH1]:2
246,CARBAZOLEs3s4,,,,,0,[cH1]1:[cH1]:[cH1]:c2:c(:[cH1]:1):c3:[cH0;!R2]:[cH0;!R2]:[cH1]:[cH1]:c:3:[nH1]:2
247,CARBAZOLEs3s5,,,,,0,[cH1]1:[cH1]:[cH1]:c2:c(:[cH0]:1):c3:[cH1]:[cH0]:[cH1]:[cH1]:c:3:[nH1]:2
248,CARBAZOLEs3s6,,,,,0,[cH0]1:[cH1]:[cH1]:c2:c(:[cH1]:1):c3:[cH1]:[cH0]:[cH1]:[cH1]:c:3:[nH1]:2
249,CARBAZOLEs4s5,,,,,0,[cH1]1:[cH1]:[cH1]:c2:c(:[cH0]:1):c3:[cH0]:[cH1]:[cH1]:[cH1]:c:3:[nH1]:2
250,CARBAZOLEs9s1s2,,,,,0,[cH1]1:[cH1]:[cH1]:c2:c(:[cH1]:1):c3:[cH1]:[cH1]:[cH0;!R2]:[cH0;!R2]:c:3:[nH0]:2
251,CARBAZOLEs9s1s3,,,,,0,[cH1]1:[cH1]:[cH1]:c2:c(:[cH1]:1):c3:[cH1]:[cH0]:[cH1]:[cH0]:c:3:[nH0]:2
252,CARBAZOLEs9s1s4,,,,,0,[cH1]1:[cH1]:[cH1]:c2:c(:[cH1]:1):c3:[cH1]:[cH0]:[cH1]:[cH0]:c:3:[nH0]:2
253,CARBAZOLEs9s1s5,,,,,0,[cH1]1:[cH1]:[cH1]:c2:c(:[cH0]:1):c3:[cH1]:[cH1]:[cH1]:[cH0]:c:3:[nH0]:2
254,CARBAZOLEs9s1s6,,,,,0,[cH0]1:[cH1]:[cH1]:c2:c(:[cH1]:1):c3:[cH1]:[cH1]:[cH1]:[cH0]:c:3:[nH0]:2
255,CARBAZOLEs9s1s7,,,,,0,[cH1]1:[cH0]:[cH1]:c2:c(:[cH1]:1):c3:[cH1]:[cH1]:[cH1]:[cH0]:c:3:[nH0]:2
256,CARBAZOLEs9s1s8,,,,,0,[cH1]1:[cH1]:[cH0]:c2:c(:[cH1]:1):c3:[cH1]:[cH1]:[cH1]:[cH0]:c:3:[nH0]:2
257,CARBAZOLEs9s2s3,,,,,0,[cH1]1:[cH1]:[cH1]:c2:c(:[cH1]:1):c3:[cH1]:[cH0;!R2]:[cH0;!R2]:[cH1]:c:3:[nH0]:2
258,CARBAZOLEs9s2s4,,,,,0,[cH1]1:[cH1]:[cH1]:c2:c(:[cH1]:1):c3:[cH0]:[cH1]:[cH0]:[cH1]:c:3:[nH0]:2
259,CARBAZOLEs9s2s5,,,,,0,[cH1]1:[cH1]:[cH1]:c2:c(:[cH0]:1):c3:[cH1]:[cH1]:[cH0]:[cH1]:c:3:[nH0]:2
260,CARBAZOLEs9s2s6,,,,,0,[cH0]1:[cH1]:[cH1]:c2:c(:[cH1]:1):c3:[cH1]:[cH1]:[cH0]:[cH1]:c:3:[nH0]:2
261,CARBAZOLEs9s2s7,,,,,0,[cH1]1:[cH0]:[cH1]:c2:c(:[cH1]:1):c3:[cH1]:[cH1]:[cH0]:[cH1]:c:3:[nH0]:2
262,CARBAZOLEs9s3s4,,,,,0,[cH1]1:[cH1]:[cH1]:c2:c(:[cH1]:1):c3:[cH0;!R2]:[cH0;!R2]:[cH1]:[cH1]:c:3:[nH0]:2
263,CARBAZOLEs9s3s5,,,,,0,[cH1]1:[cH1]:[cH1]:c2:c(:[cH0]:1):c3:[cH1]:[cH0]:[cH1]:[cH1]:c:3:[nH0]:2
264,CARBAZOLEs9s3s6,,,,,0,[cH0]1:[cH1]:[cH1]:c2:c(:[cH1]:1):c3:[cH1]:[cH0]:[cH1]:[cH1]:c:3:[nH0]:2
265,CARBAZOLEs9s4s5,,,,,0,[cH1]1:[cH1]:[cH1]:c2:c(:[cH0]:1):c3:[cH0]:[cH1]:[cH1]:[cH1]:c:3:[nH0]:2
266,CARBAZOLEs1s2s3,,,,,0,[cH1]1:[cH1]:[cH1]:c2:c(:[cH1]:1):c3:[cH1]:[cH0;!R2]:[cH0;!R2]:[cH0;!R2]:c:3:[nH1]:2
267,THIANAPHETHENE,苯并噻吩,thianaphthene,C1=CC=C2C(=C1)C=CS2,,0,[cH1]1:[cH1]:[cH1]:c2:c(:[cH1]:1):[cH1]:[cH1]:s:2
268,THIANAPHETHENEs2,,,,,0,[cH1]1:[cH1]:[cH1]:c2:c(:[cH1]:1):[cH1]:[cH0]:s:2
269,THIANAPHETHENEs3,,,,,0,[cH1]1:[cH1]:[cH1]:c2:c(:[cH1]:1):[cH0]:[cH1]:s:2
270,THIANAPHETHENEs4,,,,,0,[cH1]1:[cH1]:[cH1]:c2:c(:[cH0]:1):[cH1]:[cH1]:s:2
271,THIANAPHETHENEs5,,,,,0,[cH0]1:[cH1]:[cH1]:c2:c(:[cH1]:1):[cH1]:[cH1]:s:2
272,THIANAPHETHENEs6,,,,,0,[cH1]1:[cH0]:[cH1]:c2:c(:[cH1]:1):[cH1]:[cH1]:s:2
273,THIANAPHETHENEs7,,,,,0,[cH1]1:[cH1]:[cH0]:c2:c(:[cH1]:1):[cH1]:[cH1]:s:2
274,THIANAPHETHENEs2s3,,,,,0,[cH1]1:[cH1]:[cH1]:c2:c(:[cH1]:1):[cH0;!R2]:[cH0;!R2]:s:2
275,THIANAPHETHENEs2s4,,,,,0,[cH1]1:[cH1]:[cH1]:c2:c(:[cH0]:1):[cH1]:[cH0]:s:2
276,THIANAPHETHENEs2s5,,,,,0,[cH0]1:[cH1]:[cH1]:c2:c(:[cH1]:1):[cH1]:[cH0]:s:2
277,THIANAPHETHENEs2s6,,,,,0,[cH1]1:[cH0]:[cH1]:c2:c(:[cH1]:1):[cH1]:[cH0]:s:2
278,THIANAPHETHENEs2s7,,,,,0,[cH1]1:[cH1]:[cH0]:c2:c(:[cH1]:1):[cH1]:[cH0]:s:2
279,THIANAPHETHENEs3s4,,,,,0,[cH1]1:[cH1]:[cH1]:c2:c(:[cH0]:1):[cH0]:[cH1]:s:2
280,THIANAPHETHENEs3s5,,,,,0,[cH0]1:[cH1]:[cH1]:c2:c(:[cH1]:1):[cH0]:[cH1]:s:2
281,THIANAPHETHENEs3s6,,,,,0,[cH1]1:[cH0]:[cH1]:c2:c(:[cH1]:1):[cH0]:[cH1]:s:2
282,THIANAPHETHENEs3s7,,,,,0,[cH1]1:[cH1]:[cH0]:c2:c(:[cH1]:1):[cH0]:[cH1]:s:2
283,THIANAPHETHENEs4s5,,,,,0,[cH0;!R2]1:[cH1]:[cH1]:c2:c(:[cH0;!R2]:1):[cH1]:[cH1]:s:2
284,THIANAPHETHENEs4s6,,,,,0,[cH1]1:[cH0]:[cH1]:c2:c(:[cH0]:1):[cH1]:[cH1]:s:2
285,THIANAPHETHENEs4s7,,,,,0,[cH1]1:[cH1]:[cH0]:c2:c(:[cH0]:1):[cH1]:[cH1]:s:2
286,THIANAPHETHENEs5s6,,,,,0,[cH0;!R2]1:[cH0;!R2]:[cH1]:c2:c(:[cH1]:1):[cH1]:[cH1]:s:2
287,THIANAPHETHENEs5s7,,,,,0,[cH0;!R2]1:[cH1]:[cH0]:c2:c(:[cH1]:1):[cH1]:[cH1]:s:2
288,THIANAPHETHENEs6s7,,,,,0,[cH1]1:[cH0;!R2]:[cH0;!R2]:c2:c(:[cH1]:1):[cH1]:[cH1]:s:2
289,THIANAPHETHENEs2s3s4,,,,,0,[cH1]1:[cH1]:[cH1]:c2:c(:[cH0]:1):[cH0;!R2]:[cH0;!R2]:s:2
290,THIANAPHETHENEs2s3s5,,,,,0,[cH0]1:[cH1]:[cH1]:c2:c(:[cH1]:1):[cH0;!R2]:[cH0;!R2]:s:2
291,THIANAPHETHENEs2s3s6,,,,,0,[cH1]1:[cH0]:[cH1]:c2:c(:[cH1]:1):[cH0;!R2]:[cH0;!R2]:s:2
292,THIANAPHETHENEs2s3s7,,,,,0,[cH1]1:[cH1]:[cH0]:c2:c(:[cH1]:1):[cH0;!R2]:[cH0;!R2]:s:2
293,THIANAPHETHENEs2s4s5,,,,,0,[cH0;!R2]1:[cH1]:[cH1]:c2:c(:[cH0;!R2]:1):[cH1]:[cH0]:s:2
294,THIANAPHETHENEs2s4s6,,,,,0,[cH1]1:[cH0]:[cH1]:c2:c(:[cH0]:1):[cH1]:[cH0]:s:2
295,THIANAPHETHENEs2s4s7,,,,,0,[cH1]1:[cH1]:[cH0]:c2:c(:[cH0]:1):[cH1]:[cH0]:s:2
296,THIANAPHETHENEs2s5s6,,,,,0,[cH0;!R2]1:[cH0;!R2]:[cH1]:c2:c(:[cH1]:1):[cH1]:[cH0]:s:2
297,THIANAPHETHENEs2s5s7,,,,,0,[cH0]1:[cH1]:[cH0]:c2:c(:[cH1]:1):[cH1]:[cH0]:s:2
298,THIANAPHETHENEs2s6s7,,,,,0,[cH1]1:[cH0;!R2]:[cH0;!R2]:c2:c(:[cH1]:1):[cH1]:[cH0]:s:2
299,THIANAPHETHENEs3s4s5,,,,,0,[cH0;!R2]1:[cH1]:[cH1]:c2:c(:[cH0;!R2]:1):[cH0]:[cH1]:s:2
300,THIANAPHETHENEs3s4s6,,,,,0,[cH1]1:[cH0]:[cH1]:c2:c(:[cH0]:1):[cH0]:[cH1]:s:2
301,THIANAPHETHENEs3s4s7,,,,,0,[cH1]1:[cH1]:[cH0]:c2:c(:[cH0]:1):[cH0]:[cH1]:s:2
302,THIANAPHETHENEs3s5s6,,,,,0,[cH0;!R2]1:[cH0;!R2]:[cH1]:c2:c(:[cH1]:1):[cH0]:[cH1]:s:2
303,THIANAPHETHENEs3s5s7,,,,,0,[cH0;!R2]1:[cH1]:[cH0]:c2:c(:[cH1]:1):[cH0]:[cH1]:s:2
304,THIANAPHETHENEs3s6s7,,,,,0,[cH1]1:[cH0;!R2]:[cH0;!R2]:c2:c(:[cH1]:1):[cH0]:[cH1]:s:2
305,THIANAPHETHENEs4s5s6,,,,,0,[cH0;!R2]1:[cH0;!R2]:[cH1]:c2:c(:[cH0;!R2]:1):[cH1]:[cH1]:s:2
306,THIANAPHETHENEs4s5s7,,,,,0,[cH0;!R2]1:[cH1]:[cH0;!R2]:c2:c(:[cH0;!R2]:1):[cH1]:[cH1]:s:2
307,THIANAPHETHENEs4s6s7,,,,,0,[cH1]1:[cH0;!R2]:[cH0;!R2]:c2:c(:[cH0]:1):[cH1]:[cH1]:s:2
308,THIANAPHETHENEs5s6s7,,,,,0,[cH0;!R2]1:[cH0;!R2]:[cH0;!R2]:c2:c(:[cH1]:1):[cH1]:[cH1]:s:2
309,THIANAPHETHENEs2s3s4s5,,,,,0,[cH0;!R2]1:[cH1]:[cH1]:c2:c(:[cH0;!R2]:1):[cH0;!R2]:[cH0;!R2]:s:2
310,THIANAPHETHENEs2s3s4s6,,,,,0,[cH1]1:[cH0]:[cH1]:c2:c(:[cH0]:1):[cH0;!R2]:[cH0;!R2]:s:2
311,THIANAPHETHENEs2s3s4s7,,,,,0,[cH1]1:[cH1]:[cH0]:c2:c(:[cH0]:1):[cH0;!R2]:[cH0;!R2]:s:2
312,THIANAPHETHENEs2s3s5s6,,,,,0,[cH0;!R2]1:[cH0;!R2]:[cH1]:c2:c(:[cH1]:1):[cH0;!R2]:[cH0;!R2]:s:2
313,THIANAPHETHENEs2s3s5s7,,,,,0,[cH0]1:[cH1]:[cH0]:c2:c(:[cH1]:1):[cH0;!R2]:[cH0;!R2]:s:2
314,THIANAPHETHENEs2s3s6s7,,,,,0,[cH1]1:[cH0;!R2]:[cH0;!R2]:c2:c(:[cH1]:1):[cH0;!R2]:[cH0;!R2]:s:2
315,THIANAPHETHENEs2s4s5s6,,,,,0,[cH0;!R2]1:[cH0;!R2]:[cH1]:c2:c(:[cH0;!R2]:1):[cH1]:[cH0]:s:2
316,THIANAPHETHENEs2s4s5s7,,,,,0,[cH0;!R2]1:[cH1]:[cH0]:c2:c(:[cH0;!R2]:1):[cH1]:[cH0]:s:2
317,THIANAPHETHENEs2s4s6s7,,,,,0,[cH1]1:[cH0;!R2]:[cH0;!R2]:c2:c(:[cH0]:1):[cH1]:[cH0]:s:2
318,THIANAPHETHENEs2s5s6s7,,,,,0,[cH0;!R2]1:[cH0;!R2]:[cH0;!R2]:c2:c(:[cH1]:1):[cH1]:[cH0]:s:2
319,THIANAPHETHENEs3s4s5s6,,,,,0,[cH0;!R2]1:[cH0;!R2]:[cH1]:c2:c(:[cH0;!R2]:1):[cH0]:[cH1]:s:2
320,THIANAPHETHENEs3s4s5s7,,,,,0,[cH0;!R2]1:[cH1]:[cH0]:c2:c(:[cH0;!R2]:1):[cH0]:[cH1]:s:2
321,THIANAPHETHENEs3s4s6s7,,,,,0,[cH1]1:[cH0;!R2]:[cH0;!R2]:c2:c(:[cH0]:1):[cH0]:[cH1]:s:2
322,THIANAPHETHENEs3s5s6s7,,,,,0,[cH0;!R2]1:[cH0;!R2]:[cH0;!R2]:c2:c(:[cH1]:1):[cH0]:[cH1]:s:2
323,THIANAPHETHENEs4s5s6s7,,,,,0,[cH0;!R2]1:[cH0;!R2]:[cH0;!R2]:c2:c(:[cH0;!R2]:1):[cH1]:[cH1]:s:2
324,THIANAPHETHENEs2s3s4s5s6,,,,,0,[cH0;!R2]1:[cH0;!R2]:[cH1]:c2:c(:[cH0;!R2]:1):[cH0;!R2]:[cH0;!R2]:s:2
325,THIANAPHETHENEs2s3s4s5s7,,,,,0,[cH0;!R2]1:[cH1]:[cH0]:c2:c(:[cH0;!R2]:1):[cH0;!R2]:[cH0;!R2]:s:2
326,THIANAPHETHENEs2s3s4s6s7,,,,,0,[cH1]1:[cH0;!R2]:[cH0;!R2]:c2:c(:[cH0;!R2]:1):[cH0;!R2]:[cH0;!R2]:s:2
327,THIANAPHETHENEs2s3s5s6s7,,,,,0,[cH0;!R2]1:[cH0;!R2]:[cH0;!R2]:c2:c(:[cH1]:1):[cH0;!R2]:[cH0;!R2]:s:2
328,THIANAPHETHENEs2s4s5s6s7,,,,,0,[cH0;!R2]1:[cH0;!R2]:[cH0;!R2]:c2:c(:[cH0;!R2]:1):[cH1]:[cH0;!R2]:s:2
329,THIANAPHETHENEs3s4s5s6s7,,,,,0,[cH0;!R2]1:[cH0;!R2]:[cH0;!R2]:c2:c(:[cH0;!R2]:1):[cH0]:[cH1]:s:2
330,THIANAPHETHENEs2s3s4s5s6s7,,,,,0,[cH0;!R2]1:[cH0;!R2]:[cH0;!R2]:c2:c(:[cH0;!R2]:1):[cH0;!R2]:[cH0;!R2]:s:2
331,BENZIMIDAZOLE,苯并咪唑,benzimidazole,C1=CC=C2C(=C1)NC=N2,,0,[cH1]1:[cH1]:[cH1]:c2:c(:[cH1]:1):[nH1]:[cH1]:n:2
332,BENZIMIDAZOLEs1,,,,,0,[cH1]1:[cH1]:[cH1]:c2:c(:[cH1]:1):[nH0;!R2;r5]:[cH1]:n:2
333,BENZIMIDAZOLEs2,,,,,0,[cH1]1:[cH1]:[cH1]:c2:c(:[cH1]:1):[nH1]:[cH0]:n:2
334,BENZIMIDAZOLEs4,,,,,0,[cH1]1:[cH1]:[cH1]:c2:c(:[cH0]:1):[nH1]:[cH1]:n:2
335,BENZIMIDAZOLEs5,,,,,0,[cH0]1:[cH1]:[cH1]:c2:c(:[cH1]:1):[nH1]:[cH1]:n:2
336,BENZIMIDAZOLEs6,,,,,0,[cH1]1:[cH0]:[cH1]:c2:c(:[cH1]:1):[nH1]:[cH1]:n:2
337,BENZIMIDAZOLEs7,,,,,0,[cH1]1:[cH1]:[cH0]:c2:c(:[cH1]:1):[nH1]:[cH1]:n:2
338,INDOLE,吲哚,indole,C1=CC=C2C(=C1)C=CN2,,0,[cH1]1:[cH1]:[cH1]:c2:c(:[cH1]:1):[cH1]:[cH1]:[nH1]:2
339,QUINOLINE,喹啉,quinoline,C1=CC=C2C(=C1)C=CC=N2,,0,[cH1]1:[cH1]:[cH1]:c2:c(:[cH1]:1):[cH1]:[cH1]:[cH1]:n:2
340,ISOQUINOLINE,异喹啉,isoquinoline,C1=CC=C2C=NC=CC2=C1,,0,[cH1]1:[cH1]:[cH1]:c2:[cH1]:n:[cH1]:[cH1]:c:2:[cH1]:1
341,NAPHTHALENE,萘,naphthalene,C1=CC=C2C=CC=CC2=C1,,0,[cH1]1:[cH1]:[cH1]:c2:[cH1]:[cH1]:[cH1]:[cH1]:c:2:[cH1]:1
342,ANTHRACENE,蒽,anthracene,C1=CC=C2C=C3C=CC=CC3=CC2=C1,,0,[cH1]1:[cH1]:[cH1]:c2:[cH1]:c3:[cH1]:[cH1]:[cH1]:[cH1]:c:3:[cH1]:c:2:[cH1]:1
343,CYLCOHEXANE,环己烷,cyclohexane,C1CCCCC1,,0,[CH2]1-[CH2]-[CH2]-[CH2]-[CH2]-[CH2]-1
344,CYLCOHEXANEs1,,,,,0,[CH2]1-[CH2]-[CH2]-[CH2]-[CH2]-[CH1]-1
345,CYLCOHEXANEs1s1,,,,,0,[CH2]1-[CH2]-[CH2]-[CH2]-[CH2]-[CH0]-1
346,CYLCOHEXANEs1s2,,,,,0,[CH2]1-[CH2]-[CH2]-[CH2]-[CH1;!R2]-[CH1;!R2]-1
347,CYLCOHEXANEs1s3,,,,,0,[CH2]1-[CH2]-[CH2]-[CH1;!R2]-[CH2]-[CH1;!R2]-1
348,CYLCOHEXANEs1s4,,,,,0,[CH2]1-[CH2]-[CH1;!R2]-[CH2]-[CH2]-[CH1;!R2]-1
349,CYLCOHEXANEs1s1s2,,,,,0,[CH2]1-[CH2]-[CH2]-[CH2]-[CH1;!R2]-[CH0;!R2]-1
350,CYLCOHEXANEs1s2s3,,,,,0,[CH2]1-[CH2]-[CH2]-[CH1;!R2]-[CH1;!R2]-[CH1;!R2]-1
351,CYLCOHEXANEs1s2s4,,,,,0,[CH2]1-[CH2]-[CH1;!R2]-[CH2]-[CH1;!R2]-[CH1;!R2]-1
352,CYCLOPENTANE,环戊烷,cyclopentane,C1CCCC1,,0,[CH2]1-[CH2]-[CH2]-[CH2]-[CH2]-1
353,CYCLOBUTANE,环丁烷,cyclobutane,C1CCC1,,0,[CH2]1-[CH2]-[CH2]-[CH2]-1
354,CYCLOPROPANE,环丙烷,cyclopropane,C1CC1,,0,[CH2]1-[CH2]-[CH2]-1
355,CYCLOHEPTANE,环庚烷,cycloheptane,C1CCCCCC1,,0,[CH2]1-[CH2]-[CH2]-[CH2]-[CH2]-[CH2]-[CH2]-1
